{
  "gpt4o": {
    "accuracy": 0.8115315315315316,
    "macro_f1": 0.5667119362110701,
    "weighted_f1": 0.8290751570563456,
    "macro_precision": 0.5471378941874893,
    "macro_recall": 0.6218808282758868,
    "per_class": {
      "-1": {
        "precision": 0.10882352941176471,
        "recall": 0.30833333333333335,
        "f1": 0.1608695652173913,
        "support": 120
      },
      "0": {
        "precision": 0.9236566982737661,
        "recall": 0.8459140503228679,
        "f1": 0.8830776383077639,
        "support": 4491
      },
      "1": {
        "precision": 0.6089334548769371,
        "recall": 0.711395101171459,
        "f1": 0.656188605108055,
        "support": 939
      }
    },
    "n_total": 5550,
    "n_correct": 4504,
    "n_errors": 1046,
    "confusion_matrix": [
      [
        37,
        68,
        15
      ],
      [
        278,
        3799,
        414
      ],
      [
        25,
        246,
        668
      ]
    ]
  },
  "gpt54": {
    "accuracy": 0.8063063063063063,
    "macro_f1": 0.5639443912528552,
    "weighted_f1": 0.8289918950407845,
    "macro_precision": 0.5572969388783181,
    "macro_recall": 0.622015549262055,
    "per_class": {
      "-1": {
        "precision": 0.0915032679738562,
        "recall": 0.35,
        "f1": 0.14507772020725387,
        "support": 120
      },
      "0": {
        "precision": 0.9186383389666828,
        "recall": 0.8472500556668894,
        "f1": 0.8815012162631762,
        "support": 4491
      },
      "1": {
        "precision": 0.6617492096944152,
        "recall": 0.6687965921192758,
        "f1": 0.6652542372881356,
        "support": 939
      }
    },
    "n_total": 5550,
    "n_correct": 4475,
    "n_errors": 1075,
    "confusion_matrix": [
      [
        42,
        60,
        18
      ],
      [
        383,
        3805,
        303
      ],
      [
        34,
        277,
        628
      ]
    ]
  },
  "gemini10pro": {
    "accuracy": 0.4317117117117117,
    "macro_f1": 0.32570601776749936,
    "weighted_f1": 0.4784848516252013,
    "macro_precision": 0.3999731756370109,
    "macro_recall": 0.4736249863352311,
    "per_class": {
      "-1": {
        "precision": 0.06485355648535565,
        "recall": 0.25833333333333336,
        "f1": 0.10367892976588629,
        "support": 120
      },
      "0": {
        "precision": 0.9029725182277061,
        "recall": 0.3584947673124026,
        "f1": 0.5132291998724896,
        "support": 4491
      },
      "1": {
        "precision": 0.23209345219797112,
        "recall": 0.8040468583599574,
        "f1": 0.36020992366412213,
        "support": 939
      }
    },
    "n_total": 5550,
    "n_correct": 2396,
    "n_errors": 3154,
    "confusion_matrix": [
      [
        31,
        30,
        58
      ],
      [
        410,
        1610,
        2440
      ],
      [
        37,
        143,
        755
      ]
    ]
  },
  "gemini15flash": {
    "accuracy": 0.7654054054054054,
    "macro_f1": 0.49806483134076257,
    "weighted_f1": 0.7768541165232457,
    "macro_precision": 0.4843710740533083,
    "macro_recall": 0.529382460341343,
    "per_class": {
      "-1": {
        "precision": 0.12062256809338522,
        "recall": 0.25833333333333336,
        "f1": 0.16445623342175067,
        "support": 120
      },
      "0": {
        "precision": 0.8789227166276347,
        "recall": 0.8356713426853707,
        "f1": 0.856751512384431,
        "support": 4491
      },
      "1": {
        "precision": 0.45356793743890517,
        "recall": 0.4941427050053248,
        "f1": 0.47298674821610603,
        "support": 939
      }
    },
    "n_total": 5550,
    "n_correct": 4248,
    "n_errors": 1302,
    "confusion_matrix": [
      [
        31,
        66,
        23
      ],
      [
        202,
        3753,
        536
      ],
      [
        24,
        451,
        464
      ]
    ]
  },
  "gpt4omini": {
    "accuracy": 0.6864864864864865,
    "macro_f1": 0.46893111825972184,
    "weighted_f1": 0.7197116706685471,
    "macro_precision": 0.4575363360448697,
    "macro_recall": 0.538000311355168,
    "per_class": {
      "-1": {
        "precision": 0.11790393013100436,
        "recall": 0.225,
        "f1": 0.15472779369627507,
        "support": 120
      },
      "0": {
        "precision": 0.9057803468208092,
        "recall": 0.697840124693832,
        "f1": 0.7883285121368382,
        "support": 4491
      },
      "1": {
        "precision": 0.3489247311827957,
        "recall": 0.691160809371672,
        "f1": 0.46373704894605217,
        "support": 939
      }
    },
    "n_total": 5550,
    "n_correct": 3810,
    "n_errors": 1740,
    "confusion_matrix": [
      [
        27,
        53,
        40
      ],
      [
        185,
        3134,
        1171
      ],
      [
        17,
        273,
        649
      ]
    ]
  },
  "gpt4ominift": {
    "accuracy": 0.7954954954954955,
    "macro_f1": 0.5093967146789048,
    "weighted_f1": 0.8001037686196836,
    "macro_precision": 0.5031211435713402,
    "macro_recall": 0.5196191697084857,
    "per_class": {
      "-1": {
        "precision": 0.10989010989010989,
        "recall": 0.16666666666666666,
        "f1": 0.13245033112582782,
        "support": 120
      },
      "0": {
        "precision": 0.8842582106455266,
        "recall": 0.869294143843242,
        "f1": 0.8767123287671232,
        "support": 4491
      },
      "1": {
        "precision": 0.5152151101783841,
        "recall": 0.5228966986155484,
        "f1": 0.5190274841437632,
        "support": 939
      }
    },
    "n_total": 5550,
    "n_correct": 4415,
    "n_errors": 1135,
    "confusion_matrix": [
      [
        20,
        83,
        17
      ],
      [
        142,
        3904,
        445
      ],
      [
        20,
        428,
        491
      ]
    ]
  }
}